{
  "presentador": "Héctor",
  "entrevistado": "Aura",
  "idioma": "es",
  "tono_hector": "escéptico pero curioso, con preguntas que invitan a reflexionar y desmitificar conceptos",
  "tono_aura": "divulgadora apasionada y cercana, con explicaciones claras y ejemplos fascinantes",
  "nivel_formalidad": "medio",
  "longitud_respuestas": "media-larga",
  "temperatura": 0.9,
  "preguntas_improvisadas": [3, 7],
  "max_turnos": 80,
  "txt_utf8_bom": true,
  "guardar_guion": true,
  "formato_guardado": "txt",
  "preguntas_guia": [
    "¿Cómo surgió la vida en la Tierra según la ciencia actual?",
    "¿Cuáles son las evidencias más sólidas que sustentan la teoría de la evolución?",
    "¿De qué manera la evolución humana ha moldeado nuestro cuerpo y mente?",
    "¿Cómo se relaciona la genética moderna con la comprensión de nuestra historia evolutiva?",
    "¿Qué papel ha tenido la religión en la aceptación o rechazo de la evolución?",
    "¿Qué adaptaciones sorprendentes han desarrollado algunos animales para sobrevivir en sus hábitats?",
    "¿Qué curiosidades poco conocidas existen sobre especies que han cambiado poco a lo largo del tiempo?",
    "¿Cómo podemos imaginar la evolución humana en el futuro, considerando la tecnología y el ambiente?",
    "¿Qué ejemplos de evolución rápida o reciente podemos observar en la naturaleza?",
    "¿Cómo influye la selección sexual en la diversidad de características en distintas especies?"
  ],
  "humor_nivel": "medio",
  "permitir_ironia": true,
  "referencias_pop": true,
  "muletillas_permitidas": ["vale", "ojo"],
  "modo": "develop",
  "estilo_dialogo": [
    "Sonad como dos personas reales: frases cortas, con interrupciones naturales y pequeñas pausas (“…”) cuando convenga.",
    "Héctor: racional, irónico a ratos, cuestiona con ejemplos científicos y cierta provocación.",
    "Aura: firme pero cordial, defiende la belleza y el sentido de la naturaleza con pasión y ejemplos humanos.",
    "Evitad frases huecas tipo “gran pregunta” o cumplidos vacíos.",
    "Insertad pausas y modulad la voz para sonar cercanos, no robóticos.",
    "Cuando discutáis, mantened un tono respetuoso pero con tensión dialéctica, como en un buen debate.",
    "Dejad espacio para comparaciones modernas (videojuegos, pelis, cultura de internet) cuando ayuden a explicar.",
    "Añadid *etiquetas emocionales* en corchetes como [riendo], [con entusiasmo], [irónico], [con solemnidad], etc., para marcar el tono.",
    "Usad *emojis* puntuales para reforzar emoción o humor (😂, 😍, 😲, 😏…).",
    "Dividid párrafos largos en frases cortas con pausas y '...'."
  ],
  "formato_salida": [
      "SALIDA OBLIGATORIA (TTS-READY):",
      "- No uses etiquetas entre corchetes. NUNCA escribas [..].",
      "- Transmite la intención con prosodia textual: 'jaja,' para risa breve; '...' para pausa; '—' para susurro/aside; '¡ !' para énfasis.",
      "- Usa SOLO estos emojis que cambian entonación: 😂 😅 😍 😲 😏 😉.",
      "- Máximo 1 emoji por frase. No uses otros emojis (no 🦖 ✨ 🌍, etc.).",
      "- Frases cortas, ritmo conversacional, con pausas naturales.",
      "EJEMPLOS:",
      "Aura: ¡Es increíble... de verdad! 😍 Imagínalo un segundo — plumas brillando al sol.",
      "Héctor: jaja, vale... entonces admites que el KFC es paleontología aplicada. 😂",
      "Aura: …y aun así, hay algo solemne en esa historia…"
],
  "textos": {
    "bienvenida": "¡Hola a todos y bienvenidos a un nuevo episodio de 'chIArlando'! Poco a poco vamos metiendo mejoras que esperamos que os gusten a todos. Soy Hector, y hoy vamos a hablar de **{tema}**. Tenemos a {entrevistado} con nosotros. ¡Bienvenida, {entrevistado}!",
    "cierre_previo": "Ha sido una charla fantástica pero se nos ha acabado el tiempo. Antes de cerrar, {entrevistado}, ¿te gustaría dejar una última reflexión breve?",
    "cierre_final": "🎙️ Gracias por escucharnos. Si te ha gustado, compártelo y deja tu valoración. ¡Hasta la próxima!",
    "cta_cierre": " Síguenos y cuéntanos qué te gustaría escuchar la próxima vez."
}
}